{"ta_runs": 11, "wallclock_time_used": 24.641277313232422, "ta_time_used": 12.119909524917603, "inc_changed": 5, "_n_configs_per_intensify": 9, "_n_calls_of_intensify": 3, "_ema_n_configs_per_intensifiy": 3.4800000000000004, "_EMA_ALPHA": 0.2}