{"ta_runs": 13, "wallclock_time_used": 23.724160194396973, "ta_time_used": 9.868035554885864, "inc_changed": 2, "_n_configs_per_intensify": 12, "_n_calls_of_intensify": 4, "_ema_n_configs_per_intensifiy": 3.3120000000000007, "_EMA_ALPHA": 0.2}